{"initial_reset_timestamp": 139148.3437529, "timestamps": [139153.4698226, 139155.4369448, 139157.3689726, 139159.2687745, 139163.4041645, 139165.519404, 139167.5361315, 139169.5693774, 139173.3531288, 139175.4531688], "episode_lengths": [125, 114, 116, 114, 123, 124, 121, 122, 113, 122], "episode_rewards": [-125.0, -114.0, -116.0, -114.0, -123.0, -124.0, -121.0, -122.0, -113.0, -122.0], "episode_types": ["t", "t", "t", "t", "t", "t", "t", "t", "t", "t", "t"]}